,PERSOn 1 ID,PERSOn 2 ID
0,527,0
1,527,1
2,527,2
3,527,3
4,527,4
5,527,5
6,527,6
7,527,7
8,527,8
9,527,9
10,527,10
11,527,11
12,527,12
13,527,13
14,527,14
15,527,15
16,527,16
17,527,17
18,527,18
19,527,19
20,527,20
21,527,21
22,527,22
23,527,23
24,527,24
25,527,25
26,527,26
27,527,27
28,527,28
29,527,29
30,527,30
31,527,31
32,527,32
33,527,33
34,527,34
35,527,35
36,527,36
37,527,37
38,527,38
39,527,39
40,527,40
41,527,41
42,527,42
43,527,43
44,527,44
45,527,45
46,527,46
47,527,47
48,527,48
49,527,49
50,527,50
51,527,51
52,527,52
53,527,53
54,527,54
55,527,55
56,527,56
57,527,57
58,527,58
59,527,59
60,527,60
61,527,61
62,527,62
63,527,63
64,527,64
65,527,65
66,527,66
67,527,67
68,527,68
69,527,69
70,527,70
71,527,71
72,527,72
73,527,73
74,527,74
75,527,75
76,527,76
77,527,77
78,527,78
79,527,79
80,527,80
81,527,81
82,527,82
83,527,83
84,527,84
85,527,85
86,527,86
87,527,87
88,527,88
89,527,89
90,527,90
91,527,91
92,527,92
93,527,93
94,527,94
95,527,95
96,527,96
97,527,97
98,527,98
99,527,99
100,527,100
101,527,101
102,527,102
103,527,103
104,527,104
105,527,105
106,527,106
107,527,107
108,527,108
109,527,109
110,527,110
111,527,111
112,527,112
113,527,113
114,527,114
115,527,115
116,527,116
117,527,117
118,527,118
119,527,119
120,527,120
121,527,121
122,527,122
123,527,123
124,527,124
125,527,125
126,527,126
127,527,127
128,527,128
129,527,129
130,527,130
131,527,131
132,527,132
133,527,133
134,527,134
135,527,135
136,527,136
137,527,137
138,527,138
139,527,139
140,527,140
141,527,141
142,527,142
143,527,143
144,527,144
145,527,145
146,527,146
147,527,147
148,527,148
149,527,149
150,527,150
151,527,151
152,527,152
153,527,153
154,527,154
155,527,155
156,527,156
157,527,157
158,527,158
159,527,159
160,527,160
161,527,161
162,527,162
163,527,163
164,527,164
165,527,165
166,527,166
167,527,167
168,527,168
169,527,169
170,527,170
171,527,171
172,527,172
173,527,173
174,527,174
175,527,175
176,527,176
177,527,177
178,527,178
179,527,179
180,527,180
181,527,181
182,527,182
183,527,183
184,527,184
185,527,185
186,527,186
187,527,187
188,527,188
189,527,189
190,527,190
191,527,191
192,527,192
193,527,193
194,527,194
195,527,195
196,527,196
197,527,197
198,527,198
199,527,199
200,527,200
201,527,201
202,527,202
203,527,203
204,527,204
205,527,205
206,527,206
207,527,207
208,527,208
209,527,209
210,527,210
211,527,211
212,527,212
213,527,213
214,527,214
215,527,215
216,527,216
217,527,217
218,527,218
219,527,219
220,527,220
221,527,221
222,527,222
223,527,223
224,527,224
225,527,225
226,527,226
227,527,227
228,527,228
229,527,229
230,527,230
231,527,231
232,527,232
233,527,233
234,527,234
235,527,235
236,527,236
237,527,237
238,527,238
239,527,239
240,527,240
241,527,241
242,527,242
243,527,243
244,527,244
245,527,245
246,527,246
247,527,247
248,527,248
249,527,249
250,527,250
251,527,251
252,527,252
253,527,253
254,527,254
255,527,255
256,527,256
257,527,257
258,527,258
259,527,259
260,527,260
261,527,261
262,527,262
263,527,263
264,527,264
265,527,265
266,527,266
267,527,267
268,527,268
269,527,269
270,527,270
271,527,271
272,527,272
273,527,273
274,527,274
275,527,275
276,527,276
277,527,277
278,527,278
279,527,279
280,527,280
281,527,281
282,527,282
283,527,283
284,527,284
285,527,285
286,527,286
287,527,287
288,527,288
289,527,289
290,527,290
291,527,291
292,527,292
293,527,293
294,527,294
295,527,295
296,527,296
297,527,297
298,527,298
299,527,299
300,527,300
301,527,301
302,527,302
303,527,303
304,527,304
305,527,305
306,527,306
307,527,307
308,527,308
309,527,309
310,527,310
311,527,311
312,527,312
313,527,313
314,527,314
315,527,315
316,527,316
317,527,317
318,527,318
319,527,319
320,527,320
321,527,321
322,527,322
323,527,323
324,527,324
325,527,325
326,527,326
327,527,327
328,527,328
329,527,329
330,527,330
331,527,331
332,527,332
333,527,333
334,527,334
335,527,335
336,527,336
337,527,337
338,527,338
339,527,339
340,527,340
341,527,341
342,527,342
343,527,343
344,527,344
345,527,345
346,527,346
347,527,347
348,527,348
349,527,349
350,527,350
351,527,351
352,527,352
353,527,353
354,527,354
355,527,355
356,527,356
357,527,357
358,527,358
359,527,359
360,527,360
361,527,361
362,527,362
363,527,363
364,527,364
365,527,365
366,527,366
367,527,367
368,527,368
369,527,369
370,527,370
371,527,371
372,527,372
373,527,373
374,527,374
375,0,5
376,0,6
377,0,2
378,0,16
379,0,19
380,0,3
381,0,22
382,0,25
383,0,27
384,0,28
385,0,29
386,0,38
387,0,39
388,0,51
389,0,52
390,0,60
391,0,61
392,0,73
393,0,81
394,0,113
395,0,124
396,0,130
397,0,155
398,0,166
399,0,179
400,0,191
401,0,218
402,0,246
403,0,256
404,0,260
405,0,266
406,0,315
407,0,375
408,0,376
409,0,377
410,0,378
411,0,379
412,0,380
413,0,381
414,0,382
415,0,383
416,0,384
417,0,385
418,0,386
419,0,387
420,0,388
421,0,389
422,0,390
423,0,391
424,0,392
425,0,393
426,0,394
427,0,395
428,0,396
429,0,397
430,0,398
431,0,399
432,0,400
433,0,401
434,0,402
435,0,403
436,0,404
437,0,405
438,0,406
439,0,407
440,0,408
441,0,409
442,0,410
443,0,411
444,0,412
445,0,413
446,0,414
447,0,415
448,0,416
449,0,417
450,0,418
451,0,419
452,0,420
453,0,421
454,0,422
455,0,423
456,0,424
457,0,425
458,0,426
459,0,427
460,0,428
461,0,429
462,0,430
463,0,431
464,0,432
465,0,433
466,0,434
467,0,435
468,0,436
469,0,437
470,0,438
471,0,439
472,0,440
473,0,441
474,0,442
475,0,443
476,0,444
477,0,445
478,0,446
479,0,447
480,0,448
481,0,449
482,0,450
483,0,451
484,0,452
485,0,453
486,0,454
487,0,455
488,0,456
489,0,457
490,0,458
491,0,459
492,0,460
493,0,461
494,0,462
495,0,463
496,0,464
497,0,465
498,0,466
499,0,467
500,0,468
501,0,469
502,0,470
503,0,471
504,0,472
505,0,473
506,0,474
507,0,475
508,0,476
509,0,477
510,0,478
511,0,479
512,0,480
513,0,481
514,0,482
515,0,483
516,0,484
517,0,485
518,0,486
519,0,487
520,0,488
521,0,489
522,0,490
523,0,491
524,0,492
525,0,493
526,0,494
527,0,495
528,0,496
529,0,497
530,0,498
531,0,499
532,0,500
533,0,501
534,0,502
535,0,503
536,0,504
537,0,505
538,0,506
539,0,507
540,0,508
541,0,509
542,0,510
543,0,511
544,0,512
545,0,513
546,0,514
547,0,515
548,0,516
549,0,517
550,0,518
551,0,519
552,0,520
553,0,521
554,0,522
555,0,523
556,0,524
557,0,525
558,0,526
559,0,527
560,0,528
561,0,529
562,0,530
563,0,531
564,0,532
565,0,533
566,0,534
567,0,535
568,0,536
569,0,537
570,0,538
571,0,539
572,0,540
573,0,541
574,0,542
575,0,543
576,0,544
577,0,545
578,0,546
579,0,547
580,0,548
581,0,549
582,0,550
583,0,551
584,0,552
585,0,553
586,0,554
587,0,555
588,0,556
589,0,557
590,0,558
591,0,559
592,0,560
593,0,561
594,0,562
595,0,563
596,0,564
597,0,565
598,0,566
599,0,567
600,0,568
601,0,569
602,0,570
603,0,571
604,0,572
605,0,573
606,0,574
607,0,575
608,0,576
609,0,577
610,0,578
611,0,579
612,0,580
613,0,581
614,0,582
615,0,583
616,0,584
617,0,585
618,0,586
619,0,587
620,0,588
621,0,589
622,0,590
623,0,591
624,0,592
625,0,593
626,0,594
627,0,595
628,0,596
629,0,597
630,0,598
631,0,599
632,0,600
633,0,601
634,0,602
635,0,603
636,0,604
637,0,605
638,0,606
639,0,607
640,0,608
641,0,609
642,0,610
643,0,611
644,0,612
645,0,613
646,0,614
647,0,615
648,0,616
649,0,617
650,0,618
651,0,619
652,0,620
653,0,621
654,0,622
655,0,623
656,0,624
657,0,625
658,0,626
659,0,627
660,0,628
661,0,629
662,0,630
663,0,631
664,0,632
665,0,633
666,0,634
667,0,635
668,0,636
669,0,637
670,0,638
671,0,639
672,0,640
673,0,641
674,0,642
675,0,643
676,0,644
677,0,645
678,0,646
679,0,647
680,0,648
681,0,649
682,0,650
683,0,651
684,0,652
685,0,653
686,0,654
687,0,655
688,0,656
689,0,657
690,0,658
691,0,659
692,0,660
693,0,661
694,0,662
695,0,663
696,0,664
697,0,665
698,0,666
699,0,667
700,0,668
701,0,669
702,0,670
703,0,671
704,0,672
705,0,673
706,0,674
707,0,675
708,0,676
709,0,677
710,0,678
711,0,679
712,0,680
713,0,681
714,0,682
715,0,683
716,0,684
717,0,685
718,0,686
719,0,687
720,0,688
721,0,689
722,0,690
723,0,691
724,0,692
725,0,693
726,0,694
727,0,695
728,0,696
729,0,697
730,0,698
731,0,699
732,0,700
733,0,701
734,0,702
735,0,703
736,0,704
737,0,705
738,0,706
739,0,707
740,0,708
741,0,709
742,0,710
743,0,711
744,0,712
745,0,713
746,0,714
747,0,715
748,0,716
749,0,717
750,0,718
751,0,719
752,0,720
753,0,721
754,0,722
755,0,723
756,0,724
757,0,725
758,0,726
759,1,13
760,1,20
761,1,43
762,1,360
763,1,727
764,1,728
765,1,729
766,1,730
767,1,731
768,1,732
769,1,733
770,1,734
771,1,735
772,1,736
773,1,737
774,1,738
775,1,739
776,1,740
777,1,741
778,1,742
779,1,743
780,1,744
781,1,745
782,1,746
783,1,747
784,1,748
785,1,749
786,1,750
787,1,751
788,1,752
789,1,753
790,1,754
791,1,755
792,1,756
793,1,757
794,1,758
795,1,759
796,1,760
797,1,761
798,1,762
799,1,763
800,1,764
801,1,765
802,1,766
803,1,767
804,1,768
805,1,769
806,1,770
807,1,771
808,1,772
809,1,773
810,1,774
811,1,775
812,1,776
813,1,777
814,1,778
815,1,779
816,1,780
817,1,781
818,1,782
819,1,783
820,1,784
821,1,785
822,1,786
823,1,787
824,1,788
825,1,789
826,1,790
827,1,791
828,1,792
829,1,527
830,1,793
831,1,794
832,1,795
833,1,796
834,1,797
835,1,798
836,1,799
837,1,800
838,1,801
839,1,802
840,1,803
841,1,804
842,1,805
843,1,806
844,1,807
845,1,808
846,1,809
847,1,810
848,1,811
849,1,812
850,1,813
851,1,814
852,1,815
853,1,816
854,1,817
855,1,818
856,1,819
857,1,820
858,1,821
859,1,822
860,1,823
861,1,824
862,1,825
863,1,826
864,1,827
865,1,828
866,1,829
867,1,830
868,1,831
869,1,832
870,1,833
871,1,834
872,1,835
873,1,836
874,1,837
875,1,838
876,1,839
877,1,840
878,1,841
879,1,842
880,1,843
881,1,844
882,1,845
883,1,846
884,1,847
885,1,848
886,1,849
887,1,850
888,1,851
889,1,852
890,1,853
891,1,854
892,1,855
893,1,856
894,1,857
895,1,858
896,1,859
897,1,860
898,1,861
899,1,862
900,1,863
901,1,864
902,1,865
903,1,866
904,1,867
905,1,868
906,1,869
907,1,870
908,1,871
909,1,872
910,1,873
911,1,874
912,1,875
913,1,876
914,1,877
915,1,878
916,1,879
917,1,880
918,1,881
919,1,882
920,1,883
921,1,884
922,1,885
923,1,886
924,1,887
925,1,888
926,1,889
927,1,890
928,1,891
929,1,892
930,1,893
931,1,894
932,1,895
933,1,896
934,1,897
935,1,898
936,1,899
937,1,900
938,1,901
939,1,902
940,1,903
941,1,904
942,1,905
943,1,906
944,1,907
945,1,908
946,1,909
947,1,910
948,1,911
949,1,912
950,1,913
951,1,914
952,1,915
953,1,916
954,1,917
955,1,918
956,1,919
957,1,920
958,1,921
959,1,922
960,1,923
961,1,924
962,1,925
963,1,926
964,1,927
965,1,928
966,1,929
967,1,930
968,1,931
969,1,932
970,1,933
971,1,934
972,1,935
973,1,936
974,1,937
975,2,0
976,2,5
977,2,11
978,2,16
979,2,27
980,2,40
981,2,53
982,2,73
983,2,130
984,2,191
985,2,194
986,2,245
987,2,266
988,2,275
989,2,333
990,2,938
991,2,380
992,2,939
993,2,940
994,2,941
995,2,942
996,2,943
997,2,944
998,2,945
999,2,946
1000,2,947
1001,2,948
1002,2,949
1003,2,950
1004,2,951
1005,2,952
1006,2,953
1007,2,954
1008,2,955
1009,2,956
1010,2,957
1011,2,958
1012,2,959
1013,2,960
1014,2,961
1015,2,962
1016,2,963
1017,2,964
1018,2,965
1019,2,966
1020,2,967
1021,2,968
1022,2,969
1023,2,970
1024,2,971
1025,2,972
1026,2,973
1027,2,974
1028,2,975
1029,2,976
1030,2,977
1031,2,978
1032,2,979
1033,2,980
1034,2,981
1035,2,982
1036,2,983
1037,2,984
1038,2,985
1039,2,986
1040,2,987
1041,2,988
1042,2,989
1043,2,990
1044,2,991
1045,2,992
1046,2,993
1047,2,994
1048,2,995
1049,2,996
1050,2,997
1051,2,998
1052,2,999
1053,2,1000
1054,2,1001
1055,2,1002
1056,2,1003
1057,2,1004
1058,2,1005
1059,2,1006
1060,2,1007
1061,2,1008
1062,2,1009
1063,2,1010
1064,2,1011
1065,2,1012
1066,2,1013
1067,2,1014
1068,2,1015
1069,2,1016
1070,2,1017
1071,2,1018
1072,2,1019
1073,2,1020
1074,2,1021
1075,2,1022
1076,2,1023
1077,2,1024
1078,2,1025
1079,2,1026
1080,2,1027
1081,2,1028
1082,2,1029
1083,2,1030
1084,2,1031
1085,2,1032
1086,2,1033
1087,2,1034
1088,2,1035
1089,2,1036
1090,2,1037
1091,2,1038
1092,2,1039
1093,2,1040
1094,2,1041
1095,2,1042
1096,2,1043
1097,2,1044
1098,2,1045
1099,2,1046
1100,2,513
1101,2,1047
1102,2,1048
1103,2,1049
1104,2,1050
1105,2,1051
1106,2,1052
1107,2,1053
1108,2,1054
1109,2,1055
1110,2,1056
1111,2,1057
1112,2,527
1113,2,1058
1114,2,1059
1115,2,1060
1116,2,1061
1117,2,1062
1118,2,1063
1119,2,1064
1120,2,1065
1121,2,1066
1122,2,1067
1123,2,1068
1124,2,1069
1125,2,1070
1126,2,1071
1127,2,1072
1128,2,1073
1129,2,1074
1130,2,1075
1131,2,1076
1132,2,1077
1133,2,1078
1134,2,1079
1135,2,1080
1136,2,1081
1137,2,1082
1138,2,1083
1139,2,1084
1140,2,1085
1141,2,1086
1142,2,1087
1143,2,1088
1144,2,555
1145,2,1089
1146,2,1090
1147,2,1091
1148,2,1092
1149,2,1093
1150,2,1094
1151,2,1095
1152,2,1096
1153,2,1097
1154,2,1098
1155,2,1099
1156,2,1100
1157,2,1101
1158,2,1102
1159,2,1103
1160,2,1104
1161,2,1105
1162,2,1106
1163,2,1107
1164,2,1108
1165,2,1109
1166,2,1110
1167,2,1111
1168,2,1112
1169,2,1113
1170,2,1114
1171,2,1115
1172,2,1116
1173,2,1117
1174,2,1118
1175,2,1119
1176,2,1120
1177,2,1121
1178,2,1122
1179,2,1123
1180,2,1124
1181,2,1125
1182,2,1126
1183,2,597
1184,2,1127
1185,2,1128
1186,2,1129
1187,2,1130
1188,2,1131
1189,2,1132
1190,2,1133
1191,2,1134
1192,2,1135
1193,2,1136
1194,2,1137
1195,2,1138
1196,2,1139
1197,2,1140
1198,2,1141
1199,2,1142
1200,2,1143
1201,2,1144
1202,2,1145
1203,2,1146
1204,2,1147
1205,2,1148
1206,2,1149
1207,2,1150
1208,2,1151
1209,2,1152
1210,2,1153
1211,2,1154
1212,2,1155
1213,2,1156
1214,2,1157
1215,2,1158
1216,2,1159
1217,2,1160
1218,2,1161
1219,2,1162
1220,2,1163
1221,2,1164
1222,2,1165
1223,2,1166
1224,2,1167
1225,2,1168
1226,2,1169
1227,2,1170
1228,2,1171
1229,2,1172
1230,2,1173
1231,2,1174
1232,2,1175
1233,2,1176
1234,2,1177
1235,2,1178
1236,2,1179
1237,2,1180
1238,2,1181
1239,2,658
1240,2,1182
1241,2,1183
1242,2,1184
1243,2,1185
1244,2,1186
1245,2,1187
1246,2,1188
1247,2,1189
1248,2,1190
1249,2,1191
1250,2,1192
1251,2,1193
1252,2,1194
1253,2,1195
1254,2,1196
1255,2,1197
1256,2,1198
1257,2,1199
1258,2,1200
1259,2,1201
1260,2,1202
1261,2,1203
1262,2,1204
1263,2,1205
1264,2,1206
1265,2,1207
1266,2,1208
1267,2,1209
1268,2,1210
1269,2,1211
1270,2,1212
1271,2,1213
1272,2,1214
1273,2,1215
1274,2,1216
1275,2,1217
1276,2,1218
1277,2,1219
1278,2,1220
1279,2,1221
1280,2,1222
1281,2,1223
1282,2,1224
1283,2,1225
1284,2,1226
1285,2,1227
1286,2,1228
1287,2,1229
1288,2,1230
1289,2,1231
1290,2,1232
1291,2,1233
1292,2,1234
1293,2,1235
1294,2,1236
1295,2,1237
1296,2,1238
1297,2,1239
1298,2,1240
1299,2,1241
1300,2,1242
1301,2,1243
1302,2,1244
1303,2,1245
1304,2,1246
1305,2,1247
1306,2,1248
1307,2,1249
1308,2,1250
1309,2,1251
1310,2,1252
1311,2,1253
1312,2,1254
1313,2,1255
1314,2,1256
1315,2,1257
1316,2,1258
1317,2,1259
1318,2,1260
1319,2,1261
1320,2,1262
1321,2,1263
1322,2,1264
1323,2,1265
1324,2,1266
1325,2,1267
1326,2,1268
1327,2,1269
1328,2,1270
1329,2,1271
1330,2,1272
1331,2,1273
1332,2,1274
1333,2,1275
1334,2,1276
1335,2,1277
1336,3,0
1337,3,5
1338,3,6
1339,3,16
1340,3,22
1341,3,25
1342,3,27
1343,3,28
1344,3,19
1345,3,29
1346,3,11
1347,3,38
1348,3,39
1349,3,40
1350,3,47
1351,3,51
1352,3,52
1353,3,256
1354,3,58
1355,3,60
1356,3,73
1357,3,81
1358,3,113
1359,3,130
1360,3,179
1361,3,191
1362,3,218
1363,3,260
1364,3,275
1365,3,315
1366,3,317
1367,3,333
1368,3,375
1369,3,378
1370,3,377
1371,3,379
1372,3,1278
1373,3,1279
1374,3,1280
1375,3,1281
1376,3,380
1377,3,1282
1378,3,1283
1379,3,1284
1380,3,1285
1381,3,1286
1382,3,1287
1383,3,1288
1384,3,1289
1385,3,1290
1386,3,1291
1387,3,1292
1388,3,1293
1389,3,1294
1390,3,1295
1391,3,1296
1392,3,1297
1393,3,1298
1394,3,1299
1395,3,1300
1396,3,1301
1397,3,1302
1398,3,1303
1399,3,1304
1400,3,1305
1401,3,1306
1402,3,1307
1403,3,1308
1404,3,1309
1405,3,1310
1406,3,1311
1407,3,1312
1408,3,1313
1409,3,1314
1410,3,1315
1411,3,1316
1412,3,1317
1413,3,1318
1414,3,1319
1415,3,1320
1416,3,1321
1417,3,1322
1418,3,1323
1419,3,1324
1420,3,1325
1421,3,1326
1422,3,1327
1423,3,1328
1424,3,1329
1425,3,1330
1426,3,1331
1427,3,1332
1428,3,1333
1429,3,1334
1430,3,1335
1431,3,1336
1432,3,1337
1433,3,1338
1434,3,1339
1435,3,1340
1436,3,1341
1437,3,1342
1438,3,1343
1439,3,1344
1440,3,1345
1441,3,1346
1442,3,1347
1443,3,1348
1444,3,1349
1445,3,1350
1446,3,1351
1447,3,1352
1448,3,1353
1449,3,1354
1450,3,1355
1451,3,1356
1452,3,1357
1453,3,1358
1454,3,1359
1455,3,1360
1456,3,1361
1457,3,1362
1458,3,1363
1459,3,1364
1460,3,1365
1461,3,1366
1462,3,1367
1463,3,1368
1464,3,1369
1465,3,1370
1466,3,1371
1467,3,1372
1468,3,1373
1469,3,1374
1470,3,1375
1471,3,1376
1472,3,1377
1473,3,1378
1474,3,1379
1475,3,1380
1476,3,1381
1477,3,1382
1478,3,1383
1479,3,1384
1480,3,1385
1481,3,1386
1482,3,1387
1483,3,1388
1484,3,1389
1485,3,1390
1486,3,1391
1487,3,1392
1488,3,1393
1489,3,1394
1490,3,1395
1491,3,1396
1492,3,1397
1493,3,1398
1494,3,410
1495,3,1399
1496,3,1400
1497,3,1401
1498,3,1402
1499,3,1403
1500,3,1404
1501,3,1405
1502,3,1406
1503,3,1407
1504,3,1408
1505,3,1409
1506,3,1410
1507,3,1411
1508,3,1412
1509,3,1413
1510,3,1414
1511,3,1415
1512,3,1416
1513,3,1417
1514,3,1418
1515,3,1419
1516,3,1420
1517,3,1421
1518,3,1422
1519,3,1423
1520,3,1424
1521,3,1425
1522,3,1426
1523,3,1427
1524,3,1428
1525,3,1429
1526,3,1430
1527,3,1431
1528,3,1432
1529,3,1433
1530,3,1434
1531,3,1435
1532,3,1436
1533,3,1437
1534,3,1438
1535,3,1439
1536,3,1440
1537,3,1441
1538,3,1442
1539,3,1443
1540,3,1444
1541,3,1445
1542,3,1446
1543,3,1447
1544,3,1448
1545,3,1449
1546,3,1450
1547,3,1451
1548,3,1452
1549,3,1453
1550,3,1454
1551,3,1455
1552,3,1456
1553,3,1457
1554,3,1458
1555,3,1459
1556,3,1460
1557,3,1461
1558,3,1462
1559,3,1463
1560,3,1464
1561,3,1465
1562,3,1466
1563,3,1467
1564,3,1468
1565,3,1469
1566,3,1470
1567,3,1471
1568,3,1472
1569,3,1473
1570,3,1474
1571,3,1475
1572,3,1476
1573,3,1477
1574,3,1478
1575,3,1479
1576,3,1480
1577,3,1481
1578,3,1482
1579,3,1483
1580,3,1484
1581,3,1485
1582,3,1486
1583,3,1487
1584,3,1488
1585,3,1489
1586,3,1490
1587,3,1491
1588,3,1492
1589,3,476
1590,3,1493
1591,3,1494
1592,3,1495
1593,3,1496
1594,3,1497
1595,3,1498
1596,3,1499
1597,3,1500
1598,3,1501
1599,3,1502
1600,3,1503
1601,3,1504
1602,3,1505
1603,3,1506
1604,3,1507
1605,3,1508
1606,3,1509
1607,3,1510
1608,3,1511
1609,3,1512
1610,3,1513
1611,3,1514
1612,3,1515
1613,3,1516
1614,3,1517
1615,3,1518
1616,3,1519
1617,3,1520
1618,3,1521
1619,3,1522
1620,3,1523
1621,3,513
1622,3,1524
1623,3,1525
1624,3,1526
1625,3,1527
1626,3,521
1627,3,1528
1628,3,1529
1629,3,1530
1630,3,1531
1631,3,1532
1632,3,1533
1633,3,1534
1634,3,1535
1635,3,1536
1636,3,1537
1637,3,527
1638,3,1538
1639,3,1539
1640,3,1540
1641,3,1541
1642,3,1542
1643,3,1543
1644,3,1544
1645,3,1545
1646,3,1546
1647,3,1547
1648,3,1548
1649,3,1549
1650,3,1550
1651,3,1551
1652,3,1552
1653,3,1553
1654,3,1554
1655,3,1555
1656,3,1556
1657,3,1557
1658,3,1558
1659,3,1559
1660,3,1560
1661,3,1561
1662,3,1562
1663,3,1563
1664,3,1564
1665,3,1565
1666,3,1566
1667,3,1567
1668,3,1568
1669,3,1569
1670,3,1570
1671,3,1571
1672,3,1572
1673,3,1573
1674,3,1574
1675,3,1575
1676,3,1576
1677,3,1577
1678,3,1578
1679,3,1579
1680,3,1580
1681,3,1581
1682,3,1582
1683,3,1583
1684,3,1584
1685,3,1585
1686,3,1586
1687,3,555
1688,3,1587
1689,3,1588
1690,3,1092
1691,3,1589
1692,3,1590
1693,3,1591
1694,3,1592
1695,3,1593
1696,3,1594
1697,3,1595
1698,3,1596
1699,3,1597
1700,3,1598
1701,3,1599
1702,3,1600
1703,3,1601
1704,3,1602
1705,3,1603
1706,3,1604
1707,3,1605
1708,3,1606
1709,3,1607
1710,3,1608
1711,3,1609
1712,3,1610
1713,3,1611
1714,3,1612
1715,3,1613
1716,3,1614
1717,3,1615
1718,3,1616
1719,3,1617
1720,3,1618
1721,3,1619
1722,3,1620
1723,3,1621
1724,3,1622
1725,3,1623
1726,3,1624
1727,3,1625
1728,3,1626
1729,3,1627
1730,3,1628
1731,3,1629
1732,3,1630
1733,3,1631
1734,3,1632
1735,3,1633
1736,3,1634
1737,3,1635
1738,3,1636
1739,3,1637
1740,3,1638
1741,3,1639
1742,3,1640
1743,3,1641
1744,3,1642
1745,3,1643
1746,3,1644
1747,3,1645
1748,3,1646
1749,3,1647
1750,3,1648
1751,3,1649
1752,3,1650
1753,3,603
1754,3,1651
1755,3,1652
1756,3,1653
1757,3,1654
1758,3,1655
1759,3,1656
1760,3,1657
1761,3,1658
1762,3,1659
1763,3,1660
1764,3,1661
1765,3,1662
1766,3,1663
1767,3,1664
1768,3,1665
1769,3,1666
1770,3,1667
1771,3,1668
1772,3,1669
1773,3,1670
1774,3,1671
1775,3,1672
1776,3,1673
1777,3,1674
1778,3,1675
1779,3,1676
1780,3,1677
1781,3,1678
1782,3,1679
1783,3,1680
1784,3,1681
1785,3,1682
1786,3,1683
1787,3,1684
1788,3,1685
1789,3,1686
1790,3,1687
1791,3,1688
1792,3,1689
1793,3,1690
1794,3,1691
1795,3,1692
1796,3,1693
1797,3,1694
1798,3,1695
1799,3,1696
1800,3,1697
1801,3,1698
1802,3,1699
1803,3,1700
1804,3,1701
1805,3,1702
1806,3,1703
1807,3,1704
1808,3,1705
1809,3,1706
1810,3,1707
1811,3,1708
1812,3,1709
1813,3,1710
1814,3,1711
1815,3,1712
1816,3,1713
1817,3,1714
1818,3,1715
1819,3,1716
1820,3,1717
1821,3,1718
1822,3,1719
1823,3,1720
1824,3,1721
1825,3,1722
1826,3,1723
1827,3,1724
1828,3,1725
1829,3,1726
1830,3,1727
1831,3,1728
1832,3,1729
1833,3,1730
1834,3,1731
1835,3,1732
1836,3,1733
1837,3,1734
1838,3,1735
1839,3,1736
1840,3,1737
1841,3,1738
1842,3,1739
1843,3,1740
1844,3,1741
1845,3,1742
1846,3,1743
1847,3,1744
1848,3,1745
1849,3,1746
1850,3,1747
1851,3,1748
1852,3,1749
1853,3,1750
1854,3,1751
1855,3,1752
1856,3,658
1857,3,1753
1858,3,1754
1859,3,1755
1860,3,1756
1861,3,1757
1862,3,1758
1863,3,1759
1864,3,1760
1865,3,1761
1866,3,1762
1867,3,1763
1868,3,1764
1869,3,1765
1870,3,1766
1871,3,1767
1872,3,1768
1873,3,1769
1874,3,1201
1875,3,1770
1876,3,1771
1877,3,1772
1878,3,1773
1879,3,1774
1880,3,1775
1881,3,1776
1882,3,1777
1883,3,1778
1884,3,1779
1885,3,1780
1886,3,1781
1887,3,1782
1888,3,1783
1889,3,1784
1890,3,1785
1891,3,1786
1892,3,1787
1893,3,1788
1894,3,1789
1895,3,1790
1896,3,1791
1897,3,1792
1898,3,1793
1899,3,1794
1900,3,1795
1901,3,1796
1902,3,1797
1903,3,1798
1904,3,1799
1905,3,1800
1906,3,1801
1907,3,1802
1908,3,1803
1909,3,1804
1910,3,1805
1911,3,1806
1912,3,1807
1913,3,1808
1914,3,1809
1915,3,1810
1916,3,1811
1917,3,1812
1918,3,1813
1919,3,1814
1920,3,1815
1921,3,1816
1922,3,1817
1923,3,1818
1924,3,1819
1925,3,1820
1926,3,1821
1927,3,1822
1928,3,1823
1929,3,1824
1930,3,1825
1931,3,1826
1932,3,1827
1933,3,1828
1934,3,1829
1935,3,1830
1936,3,1831
1937,3,1832
1938,3,1833
1939,3,1834
1940,3,1835
1941,3,1836
1942,3,1837
1943,3,1838
1944,3,1839
1945,3,1840
1946,3,1841
1947,3,1842
1948,5,0
1949,5,3
1950,5,6
1951,5,16
1952,5,2
1953,5,28
1954,5,19
1955,5,11
1956,5,22
1957,5,25
1958,5,27
1959,5,29
1960,5,38
1961,5,39
1962,5,40
1963,5,47
1964,5,51
1965,5,52
1966,5,53
1967,5,58
1968,5,60
1969,5,61
1970,5,62
1971,5,275
1972,5,73
1973,5,81
1974,5,103
1975,5,113
1976,5,130
1977,5,155
1978,5,166
1979,5,172
1980,5,179
1981,5,191
1982,5,246
1983,5,256
1984,5,260
1985,5,266
1986,5,315
1987,5,317
1988,5,333
1989,5,375
1990,5,377
1991,5,1843
1992,5,379
1993,5,1278
1994,5,1279
1995,5,380
1996,5,1844
1997,5,1845
1998,5,1846
1999,5,1847
2000,5,1848
2001,5,1849
2002,5,1850
2003,5,1851
2004,5,1852
2005,5,1853
2006,5,1854
2007,5,1855
2008,5,1856
2009,5,1857
2010,5,1858
2011,5,1859
2012,5,1860
2013,5,1861
2014,5,1862
2015,5,1863
2016,5,1864
2017,5,1865
2018,5,1866
2019,5,1867
2020,5,1868
2021,5,1869
2022,5,1870
2023,5,1871
2024,5,1872
2025,5,960
2026,5,1873
2027,5,1874
2028,5,1875
2029,5,1876
2030,5,1877
2031,5,410
2032,5,1878
2033,5,1879
2034,5,1880
2035,5,1881
2036,5,1882
2037,5,1883
2038,5,1884
2039,5,1885
2040,5,1886
2041,5,1887
2042,5,1888
2043,5,988
2044,5,1889
2045,5,1890
2046,5,1891
2047,5,1892
2048,5,1893
2049,5,1894
2050,5,1895
2051,5,1896
2052,5,1897
2053,5,1898
2054,5,1899
2055,5,1900
2056,5,1901
2057,5,1902
2058,5,1903
2059,5,1904
2060,5,1467
2061,5,1905
2062,5,1906
2063,5,1907
2064,5,1908
2065,5,1909
2066,5,1910
2067,5,1911
2068,5,1912
2069,5,1913
2070,5,1914
2071,5,456
2072,5,1915
2073,5,1916
2074,5,1917
2075,5,1918
2076,5,1919
2077,5,1920
2078,5,1921
2079,5,1922
2080,5,1923
2081,5,1924
2082,5,1925
2083,5,1926
2084,5,476
2085,5,1927
2086,5,1928
2087,5,1929
2088,5,1930
2089,5,1931
2090,5,1932
2091,5,1933
2092,5,1934
2093,5,1935
2094,5,1936
2095,5,1937
2096,5,1938
2097,5,1939
2098,5,1940
2099,5,1941
2100,5,1942
2101,5,1943
2102,5,521
2103,5,1944
2104,5,1945
2105,5,1946
2106,5,1947
2107,5,1948
2108,5,527
2109,5,1949
2110,5,1950
2111,5,1951
2112,5,1952
2113,5,1953
2114,5,1954
2115,5,1955
2116,5,1956
2117,5,1957
2118,5,1958
2119,5,1959
2120,5,1960
2121,5,1961
2122,5,1962
2123,5,1963
2124,5,1964
2125,5,555
2126,5,1965
2127,5,1966
2128,5,1967
2129,5,1968
2130,5,1969
2131,5,1970
2132,5,1971
2133,5,1972
2134,5,1973
2135,5,1974
2136,5,1975
2137,5,1976
2138,5,1977
2139,5,1978
2140,5,1979
2141,5,1980
2142,5,1981
2143,5,1982
2144,5,1983
2145,5,1984
2146,5,1985
2147,5,1986
2148,5,1987
2149,5,597
2150,5,1988
2151,5,1989
2152,5,1990
2153,5,1991
2154,5,1992
2155,5,603
2156,5,1993
2157,5,1994
2158,5,1995
2159,5,1996
2160,5,1997
2161,5,1998
2162,5,1999
2163,5,2000
2164,5,2001
2165,5,2002
2166,5,2003
2167,5,2004
2168,5,2005
2169,5,2006
2170,5,2007
2171,5,2008
2172,5,2009
2173,5,2010
2174,5,2011
2175,5,2012
2176,5,2013
2177,5,2014
2178,5,2015
2179,5,2016
2180,5,2017
2181,5,2018
2182,5,2019
2183,5,2020
2184,5,2021
2185,5,2022
2186,5,2023
2187,5,2024
2188,5,2025
2189,5,2026
2190,5,2027
2191,5,2028
2192,5,2029
2193,5,2030
2194,5,2031
2195,5,2032
2196,5,658
2197,5,2033
2198,5,2034
2199,5,2035
2200,5,1191
2201,5,2036
2202,5,2037
2203,5,2038
2204,5,2039
2205,5,2040
2206,5,2041
2207,5,2042
2208,5,2043
2209,5,2044
2210,5,2045
2211,5,2046
2212,5,2047
2213,5,2048
2214,5,2049
2215,5,2050
2216,5,1805
2217,5,2051
2218,5,2052
2219,5,2053
2220,5,2054
2221,5,2055
2222,5,2056
2223,5,2057
2224,5,2058
2225,5,2059
2226,5,2060
2227,5,2061
2228,5,2062
2229,5,2063
2230,5,2064
2231,5,2065
2232,5,2066
2233,5,2067
2234,5,2068
2235,5,2069
2236,5,2070
2237,5,2071
2238,5,2072
2239,5,2073
2240,6,0
2241,6,5
2242,6,16
2243,6,19
2244,6,3
2245,6,22
2246,6,25
2247,6,27
2248,6,28
2249,6,38
2250,6,39
2251,6,40
2252,6,51
2253,6,52
2254,6,53
2255,6,256
2256,6,60
2257,6,73
2258,6,81
2259,6,113
2260,6,124
2261,6,130
2262,6,179
2263,6,191
2264,6,202
2265,6,218
2266,6,246
2267,6,260
2268,6,266
2269,6,275
2270,6,317
2271,6,333
2272,6,375
2273,6,2074
2274,6,2075
2275,6,2076
2276,6,2077
2277,6,1278
2278,6,2078
2279,6,2079
2280,6,2080
2281,6,380
2282,6,2081
2283,6,2082
2284,6,2083
2285,6,2084
2286,6,2085
2287,6,2086
2288,6,2087
2289,6,2088
2290,6,2089
2291,6,2090
2292,6,2091
2293,6,2092
2294,6,2093
2295,6,2094
2296,6,2095
2297,6,2096
2298,6,2097
2299,6,2098
2300,6,2099
2301,6,2100
2302,6,2101
2303,6,2102
2304,6,2103
2305,6,2104
2306,6,2105
2307,6,2106
2308,6,2107
2309,6,2108
2310,6,2109
2311,6,2110
2312,6,2111
2313,6,2112
2314,6,2113
2315,6,2114
2316,6,2115
2317,6,2116
2318,6,2117
2319,6,2118
2320,6,2119
2321,6,2120
2322,6,2121
2323,6,2122
2324,6,2123
2325,6,2124
2326,6,2125
2327,6,2126
2328,6,2127
2329,6,2128
2330,6,2129
2331,6,2130
2332,6,2131
2333,6,2132
2334,6,2133
2335,6,2134
2336,6,2135
2337,6,2136
2338,6,2137
2339,6,2138
2340,6,2139
2341,6,2140
2342,6,2141
2343,6,2142
2344,6,2143
2345,6,2144
2346,6,2145
2347,6,2146
2348,6,2147
2349,6,2148
2350,6,2149
2351,6,2150
2352,6,2151
2353,6,2152
2354,6,2153
2355,6,2154
2356,6,2155
2357,6,2156
2358,6,2157
2359,6,2158
2360,6,2159
2361,6,2160
2362,6,2161
2363,6,2162
2364,6,2163
2365,6,2164
2366,6,2165
2367,6,2166
2368,6,2167
2369,6,2168
2370,6,2169
2371,6,2170
2372,6,2171
2373,6,2172
2374,6,2173
2375,6,2174
2376,6,2175
2377,6,2176
2378,6,2177
2379,6,2178
2380,6,2179
2381,6,2180
2382,6,2181
2383,6,2182
2384,6,2183
2385,6,2184
2386,6,2185
2387,6,2186
2388,6,2187
2389,6,2188
2390,6,2189
2391,6,2190
2392,6,2191
2393,6,2192
2394,6,2193
2395,6,2194
2396,6,2195
2397,6,2196
2398,6,2197
2399,6,2198
2400,6,2199
2401,6,2200
2402,6,2201
2403,6,456
2404,6,2202
2405,6,2203
2406,6,2204
2407,6,2205
2408,6,2206
2409,6,2207
2410,6,2208
2411,6,2209
2412,6,2210
2413,6,2211
2414,6,2212
2415,6,2213
2416,6,2214
2417,6,2215
2418,6,2216
2419,6,2217
2420,6,2218
2421,6,2219
2422,6,2220
2423,6,2221
2424,6,2222
2425,6,2223
2426,6,2224
2427,6,2225
2428,6,2226
2429,6,2227
2430,6,2228
2431,6,2229
2432,6,2230
2433,6,2231
2434,6,2232
2435,6,2233
2436,6,2234
2437,6,2235
2438,6,2236
2439,6,2237
2440,6,2238
2441,6,2239
2442,6,2240
2443,6,513
2444,6,2241
2445,6,2242
2446,6,2243
2447,6,2244
2448,6,2245
2449,6,2246
2450,6,2247
2451,6,521
2452,6,2248
2453,6,2249
2454,6,2250
2455,6,2251
2456,6,2252
2457,6,2253
2458,6,2254
2459,6,2255
2460,6,2256
2461,6,2257
2462,6,2258
2463,6,527
2464,6,1950
2465,6,2259
2466,6,2260
2467,6,2261
2468,6,2262
2469,6,2263
2470,6,2264
2471,6,2265
2472,6,2266
2473,6,2267
2474,6,2268
2475,6,2269
2476,6,2270
2477,6,2271
2478,6,2272
2479,6,2273
2480,6,2274
2481,6,2275
2482,6,2276
2483,6,2277
2484,6,2278
2485,6,2279
2486,6,2280
2487,6,2281
2488,6,2282
2489,6,555
2490,6,2283
2491,6,2284
2492,6,1593
2493,6,2285
2494,6,2286
2495,6,2287
2496,6,2288
2497,6,2289
2498,6,2290
2499,6,2291
2500,6,2292
2501,6,2293
2502,6,570
2503,6,2294
2504,6,2295
2505,6,1616
2506,6,2296
2507,6,2297
2508,6,2298
2509,6,2299
2510,6,2300
2511,6,2301
2512,6,2302
2513,6,2303
2514,6,2304
2515,6,2305
2516,6,2306
2517,6,2307
2518,6,2308
2519,6,2309
2520,6,2310
2521,6,2311
2522,6,2312
2523,6,2313
2524,6,2314
2525,6,2315
2526,6,597
2527,6,2316
2528,6,2317
2529,6,2318
2530,6,2319
2531,6,2320
2532,6,2321
2533,6,2322
2534,6,2323
2535,6,2324
2536,6,2325
2537,6,2326
2538,6,2327
2539,6,603
2540,6,2328
2541,6,2329
2542,6,2330
2543,6,2331
2544,6,2332
2545,6,2333
2546,6,2334
2547,6,2335
2548,6,2336
2549,6,2337
2550,6,2338
2551,6,2339
2552,6,2340
2553,6,2341
2554,6,2342
2555,6,2343
2556,6,2344
2557,6,2345
2558,6,1156
2559,6,2346
2560,6,2347
2561,6,2348
2562,6,2349
2563,6,2350
2564,6,2351
2565,6,2352
2566,6,2353
2567,6,2354
2568,6,2355
2569,6,2356
2570,6,2357
2571,6,2358
2572,6,2359
2573,6,2360
2574,6,2361
2575,6,2362
2576,6,2363
2577,6,2364
2578,6,2365
2579,6,2366
2580,6,2367
2581,6,2368
2582,6,2369
2583,6,2370
2584,6,2371
2585,6,2372
2586,6,2373
2587,6,2374
2588,6,2375
2589,6,2376
2590,6,2377
2591,6,2378
2592,6,2379
2593,6,2380
2594,6,2381
2595,6,2382
2596,6,2383
2597,6,2384
2598,6,2385
2599,6,2386
2600,6,2387
2601,6,2388
2602,6,2389
2603,6,2390
2604,6,2391
2605,6,658
2606,6,2392
2607,6,2393
2608,6,2394
2609,6,2395
2610,6,2396
2611,6,2397
2612,6,2398
2613,6,2399
2614,6,2400
2615,6,2401
2616,6,2402
2617,6,2403
2618,6,2404
2619,6,1191
2620,6,2405
2621,6,2406
2622,6,2407
2623,6,2408
2624,6,2409
2625,6,2410
2626,6,2411
2627,6,2412
2628,6,2413
2629,6,2414
2630,6,2415
2631,6,2416
2632,6,2417
2633,6,2418
2634,6,2419
2635,6,2420
2636,6,2421
2637,6,2422
2638,6,2423
2639,6,2424
2640,6,2425
2641,6,2426
2642,6,2427
2643,6,2428
2644,6,2429
2645,6,2430
2646,6,2431
2647,6,2432
2648,6,2433
2649,6,2434
2650,6,2435
2651,6,2436
2652,6,2437
2653,6,2438
2654,6,2439
2655,6,2440
2656,6,2441
2657,6,2442
2658,6,2443
2659,6,2444
2660,6,2445
2661,6,2446
2662,6,2447
2663,6,2448
2664,6,2449
2665,6,2450
2666,6,2451
2667,6,2452
2668,6,2453
2669,6,2454
2670,6,2455
2671,6,2456
2672,6,682
2673,6,2457
2674,6,2458
2675,6,2459
2676,6,2460
2677,6,2461
2678,6,2462
2679,6,2463
2680,6,2464
2681,6,2465
2682,6,2466
2683,6,2467
2684,6,2468
2685,6,2469
2686,6,2470
2687,6,2471
2688,6,2472
2689,6,2473
2690,6,2474
2691,6,2475
2692,6,2476
2693,6,2477
2694,6,2478
2695,6,2479
2696,6,2480
2697,6,2481
2698,6,2482
2699,6,2483
2700,6,2484
2701,6,2485
2702,6,2486
2703,6,2487
2704,6,2488
2705,6,2489
2706,6,2490
2707,6,2491
2708,6,2492
2709,6,2493
2710,6,2494
2711,6,2495
2712,6,2496
2713,6,2497
2714,6,2498
2715,6,2499
2716,6,2500
2717,6,2501
2718,6,2502
2719,6,2503
2720,6,2504
2721,6,2505
2722,6,2506
2723,6,2507
2724,6,1842
2725,6,2508
2726,6,2509
2727,6,2510
2728,6,2511
2729,7,23
2730,7,10
2731,7,66
2732,7,153
2733,7,273
2734,7,330
2735,7,334
2736,7,338
2737,7,348
2738,7,360
2739,7,2512
2740,7,2513
2741,7,2514
2742,7,2515
2743,7,2516
2744,7,2517
2745,7,2518
2746,7,2519
2747,7,2520
2748,7,2521
2749,7,2522
2750,7,2523
2751,7,2524
2752,7,2525
2753,7,2526
2754,7,2527
2755,7,2528
2756,7,2529
2757,7,2530
2758,7,2531
2759,7,2532
2760,7,2533
2761,7,2534
2762,7,2535
2763,7,2536
2764,7,2537
2765,7,2538
2766,7,2539
2767,7,2540
2768,7,2541
2769,7,2542
2770,7,2543
2771,7,2544
2772,7,2545
2773,7,2546
2774,7,2547
2775,7,2548
2776,7,2549
2777,7,2550
2778,7,2551
2779,7,2552
2780,7,2553
2781,7,2554
2782,7,2555
2783,7,2556
2784,7,2557
2785,7,2558
2786,7,2559
2787,7,2560
2788,7,2561
2789,7,2562
2790,7,2563
2791,7,2564
2792,7,2565
2793,7,2566
2794,7,2567
2795,7,2568
2796,7,2569
2797,7,2570
2798,7,2571
2799,7,2572
2800,7,2573
2801,7,2574
2802,7,2575
2803,7,2576
2804,7,2577
2805,7,2578
2806,7,2579
2807,7,2580
2808,7,2581
2809,7,2582
2810,7,2583
2811,7,2584
2812,7,2585
2813,7,2586
2814,7,2587
2815,7,2588
2816,7,2589
2817,7,2590
2818,7,2591
2819,7,2592
2820,7,2593
2821,7,2594
2822,7,2595
2823,7,2596
2824,7,2597
2825,7,2598
2826,7,2599
2827,7,2600
2828,7,2601
2829,7,2602
2830,7,2603
2831,7,2604
2832,7,2605
2833,7,2606
2834,7,2607
2835,7,2608
2836,7,2609
2837,7,2610
2838,7,2611
2839,7,2612
2840,7,2613
2841,7,2614
2842,7,2615
2843,7,2616
2844,7,2617
2845,7,2618
2846,7,2619
2847,7,2620
2848,7,2621
2849,7,2622
2850,7,2623
2851,7,2624
2852,7,2625
2853,7,2626
2854,7,2627
2855,7,2628
2856,7,2629
2857,7,2630
2858,7,2631
2859,7,2632
2860,7,2633
2861,7,2634
2862,7,2635
2863,7,2636
2864,7,2637
2865,7,2638
2866,7,2639
2867,7,2640
2868,7,2641
2869,7,2642
2870,7,2643
2871,7,2644
2872,7,2645
2873,7,2646
2874,7,2647
2875,7,2648
2876,7,2649
2877,7,2650
2878,7,2651
2879,7,2652
2880,7,2653
2881,7,2654
2882,7,2655
2883,7,2656
2884,7,2657
2885,7,2658
2886,7,2659
2887,7,2660
2888,7,2661
2889,7,2662
2890,7,2663
2891,7,2664
2892,7,2665
2893,7,2666
2894,7,2667
2895,7,2668
2896,7,2669
2897,7,2670
2898,7,2671
2899,7,2672
2900,7,2673
2901,7,2674
2902,7,2675
2903,7,2676
2904,7,2677
2905,7,2678
2906,7,2679
2907,7,2680
2908,7,2681
2909,7,2682
2910,7,2683
2911,7,2684
2912,7,2685
2913,7,2686
2914,7,2687
2915,7,2688
2916,7,2689
2917,7,2690
2918,7,2691
2919,7,2692
2920,7,2693
2921,7,2694
2922,7,2695
2923,7,2696
2924,7,2697
2925,7,2698
2926,7,2699
2927,7,2700
2928,7,2701
2929,7,2702
2930,7,2703
2931,7,2704
2932,7,2705
2933,7,2706
2934,7,2707
2935,7,2708
2936,7,2709
2937,7,2710
2938,7,2711
2939,7,2712
2940,7,2713
2941,7,2714
2942,7,2715
2943,7,2716
2944,7,2717
2945,7,2718
2946,7,2719
2947,7,2720
2948,7,2721
2949,7,2722
2950,7,2723
2951,7,2724
2952,7,2725
2953,7,2726
2954,7,2727
2955,7,2728
2956,7,2729
2957,7,2730
2958,7,2731
2959,7,2732
2960,7,2733
2961,7,2734
2962,7,2735
2963,7,2736
2964,7,2737
2965,7,2738
2966,7,2739
2967,7,2740
2968,7,2741
2969,7,2742
2970,7,2743
2971,7,2744
2972,7,2745
2973,7,2746
2974,7,2747
2975,7,2748
2976,7,2749
2977,7,2750
2978,7,2751
2979,7,2752
2980,7,2753
2981,7,2754
2982,7,2755
2983,7,2756
2984,7,2757
2985,7,2758
2986,7,2759
2987,7,2760
2988,7,2761
2989,7,2762
2990,7,2763
2991,7,2764
2992,7,2765
2993,7,2766
2994,7,2767
2995,7,2768
2996,7,2769
2997,7,2770
2998,7,2771
2999,7,2772
3000,7,2773
3001,7,2774
3002,7,2775
3003,7,2776
3004,7,2777
3005,7,2778
3006,7,2779
3007,7,2780
3008,7,527
3009,7,2781
3010,7,2782
3011,7,2783
3012,7,2784
3013,7,2785
3014,7,2786
3015,7,2787
3016,7,2788
3017,7,2789
3018,7,2790
3019,7,2791
3020,7,2792
3021,7,2793
3022,7,2794
3023,7,2795
3024,7,2796
3025,7,2797
3026,7,2798
3027,7,2799
3028,7,2800
3029,7,2801
3030,7,2802
3031,7,2803
3032,7,2804
3033,7,2805
3034,7,2806
3035,7,2807
3036,7,2808
3037,7,2809
3038,7,2810
3039,7,2811
3040,7,2812
3041,7,2813
3042,7,2814
3043,7,2815
3044,7,2816
3045,7,2817
3046,7,2818
3047,7,2819
3048,7,2820
3049,7,2821
3050,7,2822
3051,7,2823
3052,7,2824
3053,7,2825
3054,7,2826
3055,7,2827
3056,7,2828
3057,7,2829
3058,7,2830
3059,7,2831
3060,7,2832
3061,7,2833
3062,7,2834
3063,7,2835
3064,7,2836
3065,7,2837
3066,7,2838
3067,7,2839
3068,7,2840
3069,7,2841
3070,7,2842
3071,7,2843
3072,7,2844
3073,7,2845
3074,7,2846
3075,7,2847
3076,7,2848
3077,7,2849
3078,7,2850
3079,7,2851
3080,7,2852
3081,7,2853
3082,7,2854
3083,7,2855
3084,7,2856
3085,7,2857
3086,7,2858
3087,7,2859
3088,7,2860
3089,7,2861
3090,7,2862
3091,7,2863
3092,7,2864
3093,7,2865
3094,7,2866
3095,7,2867
3096,7,2868
3097,7,2869
3098,7,2870
3099,7,2871
3100,7,2872
3101,7,2873
3102,7,2874
3103,7,2875
3104,7,2876
3105,7,2877
3106,7,2878
3107,7,2879
3108,7,2880
3109,7,2881
3110,7,2882
3111,7,2883
3112,7,2884
3113,7,2885
3114,7,2886
3115,7,2887
3116,7,2888
3117,7,2889
3118,7,2890
3119,7,2891
3120,7,2892
3121,7,2893
3122,7,2894
3123,7,2895
3124,7,2896
3125,7,2897
3126,7,2898
3127,7,2899
3128,7,2900
3129,7,2901
3130,7,2902
3131,7,2903
3132,7,2904
3133,7,2905
3134,7,2906
3135,7,2907
3136,7,2908
3137,7,2909
3138,7,2910
3139,7,2911
3140,7,2912
3141,7,2913
3142,7,2914
3143,7,2915
3144,7,2916
3145,7,2917
3146,7,2918
3147,7,2919
3148,7,2920
3149,7,2921
3150,7,2922
3151,7,2923
3152,7,2924
3153,7,2925
3154,7,2926
3155,7,2927
3156,7,2928
3157,7,2929
3158,7,2930
3159,7,2931
3160,7,2932
3161,7,2933
3162,7,2934
3163,7,2935
3164,7,2936
3165,7,2937
3166,7,2938
3167,7,2939
3168,7,2940
3169,7,2941
3170,7,2942
3171,7,2943
3172,7,2944
3173,7,2945
3174,7,2946
3175,7,2947
3176,7,2948
3177,7,2949
3178,7,2950
3179,7,2951
3180,7,2952
3181,7,2953
3182,7,2954
3183,7,2955
3184,7,2956
3185,7,2957
3186,7,2958
3187,7,2959
3188,7,2960
3189,7,2961
3190,7,2962
3191,7,2963
3192,7,2964
3193,7,2965
3194,7,2966
3195,7,2967
3196,7,2968
3197,7,2969
3198,7,2970
3199,7,2971
3200,7,2972
3201,7,2973
3202,7,2974
3203,7,2975
3204,7,2976
3205,7,2977
3206,7,2978
3207,7,2979
3208,7,2980
3209,7,2981
3210,7,2982
3211,7,2983
3212,7,2984
3213,7,2985
3214,7,2986
3215,7,2987
3216,7,2988
3217,7,2989
3218,7,2990
3219,7,2991
3220,7,2992
3221,7,2993
3222,7,2994
3223,7,2995
3224,7,2996
3225,7,2997
3226,7,2998
3227,7,2999
3228,7,3000
3229,7,3001
3230,7,3002
3231,7,3003
3232,7,3004
3233,7,3005
3234,7,3006
3235,7,3007
3236,7,3008
3237,7,3009
3238,7,3010
3239,7,3011
3240,7,3012
3241,7,3013
3242,7,3014
3243,7,3015
3244,7,3016
3245,7,3017
3246,7,3018
3247,7,3019
3248,7,3020
3249,7,3021
3250,7,3022
3251,7,3023
3252,7,3024
3253,7,3025
3254,7,3026
3255,7,3027
3256,7,3028
3257,7,3029
3258,7,3030
3259,7,3031
3260,9,83
3261,9,88
3262,9,140
3263,9,251
3264,9,3032
3265,9,3033
3266,9,3034
3267,9,3035
3268,9,3036
3269,9,3037
3270,9,3038
3271,9,3039
3272,9,3040
3273,9,3041
3274,9,3042
3275,9,3043
3276,9,3044
3277,9,3045
3278,9,3046
3279,9,3047
3280,9,3048
3281,9,3049
3282,9,3050
3283,9,3051
3284,9,3052
3285,9,3053
3286,9,3054
3287,9,3055
3288,9,3056
3289,9,3057
3290,9,3058
3291,9,3059
3292,9,3060
3293,9,3061
3294,9,3062
3295,9,3063
3296,9,3064
3297,9,3065
3298,9,3066
3299,9,3067
3300,9,3068
3301,9,3069
3302,9,3070
3303,9,3071
3304,9,3072
3305,9,3073
3306,9,3074
3307,9,3075
3308,9,3076
3309,9,3077
3310,9,3078
3311,9,3079
3312,9,3080
3313,9,3081
3314,9,3082
3315,9,3083
3316,9,3084
3317,9,3085
3318,9,3086
3319,9,3087
3320,9,3088
3321,9,3089
3322,9,3090
3323,9,3091
3324,9,3092
3325,9,3093
3326,9,3094
3327,9,3095
3328,9,3096
3329,9,3097
3330,9,3098
3331,9,3099
3332,9,3100
3333,9,3101
3334,9,3102
3335,9,3103
3336,9,3104
3337,9,3105
3338,9,3106
3339,9,3107
3340,9,3108
3341,9,3109
3342,9,3110
3343,9,3111
3344,9,3112
3345,9,3113
3346,9,3114
3347,9,3115
3348,9,3116
3349,9,3117
3350,9,3118
3351,9,3119
3352,9,527
3353,9,3120
3354,9,3121
3355,9,3122
3356,9,3123
3357,9,3124
3358,9,3125
3359,9,3126
3360,9,3127
3361,9,3128
3362,9,3129
3363,9,3130
3364,9,3131
3365,9,3132
3366,9,3133
3367,9,3134
3368,9,3135
3369,9,3136
3370,9,3137
3371,9,3138
3372,9,3139
3373,9,3140
3374,9,3141
3375,9,3142
3376,9,3143
3377,9,3144
3378,9,3145
3379,9,3146
3380,9,3147
3381,9,3148
3382,9,3149
3383,9,3150
3384,9,3151
3385,9,3152
3386,9,3153
3387,9,3154
3388,9,3155
3389,11,5
3390,11,3
3391,11,2
3392,11,16
3393,11,28
3394,11,19
3395,11,38
3396,11,39
3397,11,52
3398,11,73
3399,11,103
3400,11,113
3401,11,114
3402,11,130
3403,11,191
3404,11,194
3405,11,218
3406,11,256
3407,11,260
3408,11,275
3409,11,333
3410,11,375
3411,11,377
3412,11,2076
3413,11,380
3414,11,3156
3415,11,3157
3416,11,2113
3417,11,3158
3418,11,3159
3419,11,3160
3420,11,3161
3421,11,3162
3422,11,3163
3423,11,3164
3424,11,3165
3425,11,3166
3426,11,3167
3427,11,3168
3428,11,3169
3429,11,3170
3430,11,3171
3431,11,3172
3432,11,3173
3433,11,3174
3434,11,3175
3435,11,3176
3436,11,3177
3437,11,3178
3438,11,3179
3439,11,3180
3440,11,3181
3441,11,3182
3442,11,3183
3443,11,3184
3444,11,3185
3445,11,3186
3446,11,3187
3447,11,3188
3448,11,3189
3449,11,3190
3450,11,3191
3451,11,3192
3452,11,3193
3453,11,3194
3454,11,3195
3455,11,3196
3456,11,3197
3457,11,3198
3458,11,3199
3459,11,3200
3460,11,3201
3461,11,3202
3462,11,3203
3463,11,3204
3464,11,3205
3465,11,3206
3466,11,3207
3467,11,3208
3468,11,3209
3469,11,3210
3470,11,3211
3471,11,3212
3472,11,3213
3473,11,3214
3474,11,3215
3475,11,3216
3476,11,3217
3477,11,3218
3478,11,3219
3479,11,3220
3480,11,3221
3481,11,3222
3482,11,3223
3483,11,3224
3484,11,3225
3485,11,3226
3486,11,3227
3487,11,3228
3488,11,3229
3489,11,3230
3490,11,3231
3491,11,3232
3492,11,3233
3493,11,3234
3494,11,3235
3495,11,3236
3496,11,3237
3497,11,3238
3498,11,3239
3499,11,3240
3500,11,3241
3501,11,3242
3502,11,3243
3503,11,3244
3504,11,3245
3505,11,3246
3506,11,3247
3507,11,3248
3508,11,3249
3509,11,3250
3510,11,3251
3511,11,3252
3512,11,3253
3513,11,3254
3514,11,3255
3515,11,3256
3516,11,3257
3517,11,3258
3518,11,3259
3519,11,3260
3520,11,3261
3521,11,3262
3522,11,3263
3523,11,3264
3524,11,456
3525,11,3265
3526,11,3266
3527,11,3267
3528,11,3268
3529,11,3269
3530,11,3270
3531,11,3271
3532,11,3272
3533,11,3273
3534,11,3274
3535,11,3275
3536,11,3276
3537,11,3277
3538,11,3278
3539,11,3279
3540,11,3280
3541,11,3281
3542,11,3282
3543,11,3283
3544,11,3284
3545,11,3285
3546,11,3286
3547,11,3287
3548,11,3288
3549,11,3289
3550,11,3290
3551,11,3291
3552,11,3292
3553,11,3293
3554,11,3294
3555,11,3295
3556,11,3296
3557,11,3297
3558,11,3298
3559,11,3299
3560,11,3300
3561,11,3301
3562,11,3302
3563,11,3303
3564,11,3304
3565,11,3305
3566,11,3306
3567,11,3307
3568,11,3308
3569,11,2246
3570,11,3309
3571,11,3310
3572,11,521
3573,11,3311
3574,11,3312
3575,11,3313
3576,11,3314
3577,11,3315
3578,11,3316
3579,11,3317
3580,11,3318
3581,11,3319
3582,11,3320
3583,11,3321
3584,11,3322
3585,11,3323
3586,11,527
3587,11,3324
3588,11,1950
3589,11,3325
3590,11,3326
3591,11,3327
3592,11,3328
3593,11,3329
3594,11,3330
3595,11,3331
3596,11,3332
3597,11,3333
3598,11,3334
3599,11,3335
3600,11,3336
3601,11,3337
3602,11,3338
3603,11,3339
3604,11,3340
3605,11,3341
3606,11,3342
3607,11,3343
3608,11,3344
3609,11,3345
3610,11,3346
3611,11,3347
3612,11,3348
3613,11,3349
3614,11,3350
3615,11,3351
3616,11,3352
3617,11,3353
3618,11,3354
3619,11,3355
3620,11,3356
3621,11,3357
3622,11,3358
3623,11,3359
3624,11,3360
3625,11,3361
3626,11,3362
3627,11,3363
3628,11,3364
3629,11,3365
3630,11,3366
3631,11,3367
3632,11,3368
3633,11,3369
3634,11,3370
3635,11,3371
3636,11,3372
3637,11,3373
3638,11,3374
3639,11,3375
3640,11,3376
3641,11,3377
3642,11,3378
3643,11,3379
3644,11,3380
3645,11,3381
3646,11,3382
3647,11,3383
3648,11,3384
3649,11,3385
3650,11,3386
3651,11,3387
3652,11,2296
3653,11,3388
3654,11,3389
3655,11,3390
3656,11,3391
3657,11,3392
3658,11,3393
3659,11,3394
3660,11,3395
3661,11,3396
3662,11,3397
3663,11,3398
3664,11,3399
3665,11,3400
3666,11,3401
3667,11,3402
3668,11,3403
3669,11,3404
3670,11,3405
3671,11,3406
3672,11,3407
3673,11,3408
3674,11,3409
3675,11,3410
3676,11,3411
3677,11,3412
3678,11,3413
3679,11,3414
3680,11,3415
3681,11,3416
3682,11,3417
3683,11,3418
3684,11,3419
3685,11,3420
3686,11,3421
3687,11,3422
3688,11,3423
3689,11,3424
3690,11,3425
3691,11,3426
3692,11,3427
3693,11,3428
3694,11,3429
3695,11,3430
3696,11,3431
3697,11,3432
3698,11,3433
3699,11,3434
3700,11,3435
3701,11,3436
3702,11,3437
3703,11,3438
3704,11,3439
3705,11,3440
3706,11,3441
3707,11,3442
3708,11,3443
3709,11,3444
3710,11,3445
3711,11,3446
3712,11,3447
3713,11,3448
3714,11,3449
3715,11,3450
3716,11,3451
3717,11,3452
3718,11,3453
3719,11,3454
3720,11,3455
3721,11,3456
3722,11,3457
3723,11,3458
3724,11,3459
3725,11,3460
3726,11,3461
3727,11,3462
3728,11,3463
3729,11,3464
3730,11,3465
3731,11,3466
3732,11,3467
3733,11,3468
3734,11,3469
3735,11,3470
3736,11,3471
3737,11,3472
3738,11,3473
3739,11,3474
3740,11,3475
3741,11,3476
3742,11,3477
3743,11,3478
3744,11,3479
3745,11,3480
3746,11,3481
3747,11,3482
3748,11,3483
3749,11,3484
3750,11,3485
3751,11,3486
3752,11,3487
3753,11,3488
3754,11,3489
3755,11,3490
3756,11,3491
3757,11,3492
3758,11,3493
3759,11,3494
3760,11,3495
3761,11,3496
3762,11,3497
3763,11,3498
3764,11,3499
3765,11,3500
3766,11,3501
3767,11,3502
3768,11,3503
3769,11,3504
3770,11,3505
3771,11,3506
3772,11,3507
3773,11,3508
3774,11,3509
3775,11,3510
3776,11,3511
3777,11,3512
3778,11,3513
3779,11,3514
3780,11,3515
3781,11,3516
3782,11,3517
3783,11,3518
3784,11,3519
3785,11,3520
3786,11,3521
3787,11,3522
3788,11,3523
3789,11,3524
3790,11,3525
3791,11,3526
3792,11,3527
3793,11,3528
3794,11,3529
3795,11,3530
3796,11,3531
3797,11,3532
3798,11,3533
3799,11,3534
3800,11,3535
3801,11,3536
3802,11,3537
3803,11,3538
3804,11,3539
3805,11,3540
3806,11,3541
3807,11,3542
3808,11,3543
3809,11,3544
3810,11,3545
3811,11,3546
3812,11,3547
3813,11,3548
3814,11,3549
3815,11,3550
3816,11,3551
3817,11,3552
3818,11,3553
3819,11,3554
3820,11,3555
3821,11,3556
3822,11,3557
3823,11,3558
3824,11,3559
3825,11,3560
3826,11,3561
3827,11,3562
3828,11,3563
3829,11,3564
3830,11,3565
3831,11,3566
3832,11,3567
3833,11,3568
3834,11,3569
3835,11,3570
3836,11,3571
3837,11,3572
3838,11,3573
3839,11,3574
3840,11,3575
3841,11,3576
3842,11,3577
3843,11,3578
3844,11,3579
3845,11,3580
3846,11,3581
